タイトル,開始時間,終了時間,優先度,色
予定,2023-12-11 03:12:00,2023-12-23 01:04:00,21,#a0a0a0
yote,2023-12-22 12:11:00,2023-12-24 12:12:00,12,#a0a0a0
3番目,2023-04-16 15:23:00,2023-05-28 14:23:00,34,#00ff40
遠足,2023-03-12 09:00:00,2023-03-12 16:00:00,23,#ff4242
予定,2023-12-11 03:12:00,2023-12-23 01:04:00,21,#a0a0a0
yote,2023-12-22 12:11:00,2023-12-24 12:12:00,12,#a0a0a0
3番目,2023-04-16 15:23:00,2023-05-28 14:23:00,34,#00ff40
遠足,2023-03-12 09:00:00,2023-03-12 16:00:00,23,#ff4242
予定,2023-12-11 03:12:00,2023-12-23 01:04:00,21,#a0a0a0
yote,2023-12-22 12:11:00,2023-12-24 12:12:00,12,#a0a0a0
3番目,2023-04-16 15:23:00,2023-05-28 14:23:00,34,#00ff40
遠足,2023-03-12 09:00:00,2023-03-12 16:00:00,23,#ff4242
予定,2023-12-11 03:12:00,2023-12-23 01:04:00,21,#a0a0a0
yote,2023-12-22 12:11:00,2023-12-24 12:12:00,12,#a0a0a0
3番目,2023-04-16 15:23:00,2023-05-28 14:23:00,34,#00ff40
遠足,2023-03-12 09:00:00,2023-03-12 16:00:00,23,#ff4242
予定,2023-12-11 03:12:00,2023-12-23 01:04:00,21,#a0a0a0
yote,2023-12-22 12:11:00,2023-12-24 12:12:00,12,#a0a0a0
3番目,2023-04-16 15:23:00,2023-05-28 14:23:00,34,#00ff40
遠足,2023-03-12 09:00:00,2023-03-12 16:00:00,23,#ff4242
予定,2023-12-11 03:12:00,2023-12-23 01:04:00,21,#a0a0a0
yote,2023-12-22 12:11:00,2023-12-24 12:12:00,12,#a0a0a0
3番目,2023-04-16 15:23:00,2023-05-28 14:23:00,34,#00ff40
遠足,2023-03-12 09:00:00,2023-03-12 16:00:00,23,#ff4242
昔,2018-02-22 22:22:00,2018-03-11 21:21:00,32,#808000
